{
  "optimizer": "AdamW",
  "epochs": 100,
  "patience": 50,
  "lr": 0.00045947353505306957,
  "betas": [
    0.95,
    0.9999
  ],
  "weight_decay": 0.0007223530655988405,
  "best_acc": 0.9961580680570802,
  "train_loss": [
    0.9556592181760665,
    0.20212331897856897,
    0.13487589338042758,
    0.0865098878752157,
    0.07425730080991896,
    0.058911881107994904,
    0.05577565710249559,
    0.054724024733656486,
    0.04683545182529859,
    0.04734179081003133,
    0.03497830100087939,
    0.03306891529676872,
    0.04476577155225657,
    0.039478471428455446,
    0.03321356111773213,
    0.04297283397713807,
    0.03522047987589014,
    0.03650593360966311,
    0.023163122804782676,
    0.029879060710034176,
    0.02744264093801932,
    0.03286703744881422,
    0.02750225371688983,
    0.026858476368347536,
    0.02336455576626614,
    0.02485814142740081,
    0.02506074148920577,
    0.030318310381299157,
    0.02534799464272467,
    0.02530938782565393,
    0.029725871036432622,
    0.01752382406666371,
    0.02179130267717621,
    0.019378614773186146,
    0.025557918195485592,
    0.018372998936556223,
    0.014652174757482934,
    0.022153249450660398,
    0.01832772334147029,
    0.019808181837377783,
    0.012183758513739436,
    0.02259698242692378,
    0.015500183060071029,
    0.016946328268475776,
    0.017311209955173396,
    0.022944142473294817,
    0.014351756991957258,
    0.01913818894950028,
    0.015324012406929195,
    0.023463082792670044,
    0.016262390207103045,
    0.015574592648798052,
    0.017670532020642178,
    0.014539905950043345,
    0.012857024970059805,
    0.01287616068230281,
    0.011311861718528044,
    0.017519973128704198,
    0.03054390851033723,
    0.015556522916266503,
    0.013075214103726104,
    0.013726579359018078,
    0.010765137968998093,
    0.01795197446737898,
    0.016252829139859537,
    0.01596703952469525,
    0.01619611179829231,
    0.011944894656568195,
    0.013938038051518779,
    0.018665874386966628,
    0.013492015305401813,
    0.018360072226625977,
    0.014696968077100393,
    0.016023681715805597,
    0.01230824014361367,
    0.014927016980564395,
    0.010212635088539056,
    0.014191167067227665,
    0.01030551913084453,
    0.017166651126936754,
    0.015807796031210714,
    0.010526407488411108,
    0.010541871372462024,
    0.013423778155488196,
    0.012959538722264087,
    0.009130693759566225,
    0.016611145439317264,
    0.00838195416010198,
    0.009444259376613185,
    0.011858804898835645,
    0.009596058354821236,
    0.008903651636388952,
    0.0125785731369332
  ],
  "train_acc": [
    0.6517644907661364,
    0.9384713841652953,
    0.959773267507771,
    0.9736697750959956,
    0.9769610532089962,
    0.9812579996343024,
    0.9824465167306637,
    0.9840007313951362,
    0.9851892484914976,
    0.9850978240994698,
    0.9897604680928872,
    0.9891204973486927,
    0.9869263119400256,
    0.9890290729566649,
    0.9897604680928872,
    0.9869263119400256,
    0.9903090144450539,
    0.9903090144450539,
    0.9936002925580545,
    0.9919546535015542,
    0.9922289266776376,
    0.9903090144450539,
    0.9922289266776376,
    0.9919546535015542,
    0.9923203510696654,
    0.9915889559334431,
    0.9922289266776376,
    0.9905832876211373,
    0.9917718047174986,
    0.9931431705979156,
    0.9916803803254708,
    0.9943316876942768,
    0.9928688974218322,
    0.9935088681660267,
    0.9919546535015542,
    0.9936917169500823,
    0.9957944779667215,
    0.99296032181386,
    0.9950630828304992,
    0.9943316876942768,
    0.9959773267507771,
    0.9939659901261657,
    0.9948802340464435,
    0.9938745657341379,
    0.994697385262388,
    0.9928688974218322,
    0.9955202047906382,
    0.9943316876942768,
    0.9953373560065826,
    0.9931431705979156,
    0.9943316876942768,
    0.9947888096544159,
    0.9945145364783324,
    0.9962515999268605,
    0.9968001462790272,
    0.9965258731029438,
    0.9965258731029438,
    0.995154507222527,
    0.9936917169500823,
    0.9952459316145548,
    0.9962515999268605,
    0.9955202047906382,
    0.9965258731029438,
    0.9950630828304992,
    0.994697385262388,
    0.9953373560065826,
    0.9956116291826659,
    0.9968001462790272,
    0.9958859023587493,
    0.995154507222527,
    0.9957944779667215,
    0.9947888096544159,
    0.9954287803986104,
    0.9953373560065826,
    0.9958859023587493,
    0.9957944779667215,
    0.9967087218869994,
    0.996434448710916,
    0.9971658438471385,
    0.9952459316145548,
    0.9955202047906382,
    0.9966172974949716,
    0.9966172974949716,
    0.9967087218869994,
    0.9957944779667215,
    0.9975315414152496,
    0.995154507222527,
    0.9972572682391662,
    0.997348692631194,
    0.9971658438471385,
    0.9965258731029438,
    0.9972572682391662,
    0.9968001462790272
  ],
  "val_loss": [
    0.16715780632763072,
    0.10405843011264143,
    0.047084238781625855,
    0.04868051980357167,
    0.03593670432495981,
    0.039898905662241684,
    0.03496508122720868,
    0.04083605498027314,
    0.04329545686326536,
    0.04154067749864068,
    0.0286698743983489,
    0.030762026417631143,
    0.030675281838770826,
    0.02962319561127766,
    0.045966106045947024,
    0.032039527097869475,
    0.027604481213372844,
    0.035812834950147907,
    0.026845917970761014,
    0.03179124993490906,
    0.021277291188417966,
    0.03166747965914165,
    0.060563450364058774,
    0.04212838336683615,
    0.03715582733664256,
    0.06581202134939618,
    0.03868308724486269,
    0.04040068874822062,
    0.038547987620467176,
    0.030631532102767058,
    0.04425961153237008,
    0.04054079204303795,
    0.026208105280037954,
    0.023839635723310618,
    0.030364688103653517,
    0.023244930296829714,
    0.031061678418437027,
    0.034141579748832335,
    0.034806649985794455,
    0.031615284280507756,
    0.025654691886925634,
    0.02924674586308262,
    0.027829899560887935,
    0.030353850735897643,
    0.03687025093746217,
    0.030003773398769633,
    0.036030968446696,
    0.021510281710577367,
    0.051940780263976194,
    0.033769808772721545,
    0.03100733512869267,
    0.0315234912078926,
    0.033331720228457484,
    0.04545449646634395,
    0.062235670571555664,
    0.040623161103494884,
    0.036609199531085324,
    0.08557826106773754,
    0.027130481932294184,
    0.024333984207228713,
    0.02402510881585903,
    0.04181694331403158,
    0.03347673614625192,
    0.03108638404962127,
    0.030563838396621325,
    0.02789292441010385,
    0.04551519085551827,
    0.037444020643683754,
    0.029620512280479457,
    0.03176808675728133,
    0.031547043203318026,
    0.0541777496575127,
    0.036526734415207915,
    0.03723974693632264,
    0.04853185947803436,
    0.040845433319694965,
    0.029147720759659743,
    0.03483977430381668,
    0.044860045024412605,
    0.03439785856582979,
    0.0411251497245193,
    0.052138918937261816,
    0.05894955192448247,
    0.05222114786086202,
    0.04378266759255799,
    0.044589029247954035,
    0.04857540864059988,
    0.026500477745348062,
    0.02725260141884409,
    0.043474827569313895,
    0.03084432696759277,
    0.05975516089926973,
    0.030694245454124656
  ],