{
  "train_loss": [
    0.9366027511829553,
    0.3242059347414693,
    0.19967034996248956,
    0.158795211117628,
    0.12926948988312031,
    0.10420565751142973,
    0.0997873001168807,
    0.07210263143141948,
    0.07441015517458233,
    0.0753574339770387,
    0.07062470480842992,
    0.07491301428418347,
    0.057278347575257335,
    0.05807503679669787,
    0.05082796768049796,
    0.043733525325457545,
    0.05336636905883287,
    0.036905973864080344,
    0.04603887522771825,
    0.04257896466608441,
    0.031513181471720685,
    0.05074419378679311,
    0.03513073706884359,
    0.03716649579257856
  ],
  "train_acc": [
    43.27906976744186,
    56.906976744186046,
    59.593023255813954,
    60.372093023255815,
    61.104651162790695,
    61.53488372093023,
    61.604651162790695,
    62.25581395348837,
    62.03488372093023,
    62.03488372093023,
    62.08139534883721,
    62.174418604651166,
    62.41860465116279,
    62.48837209302326,
    62.46511627906977,
    62.66279069767442,
    62.55813953488372,
    62.825581395348834,
    62.56976744186046,
    62.73255813953488,
    62.86046511627907,
    62.604651162790695,
    62.895348837209305,
    62.906976744186046
  ],
  "val_loss": [
    0.5888813836821194,
    0.1931501206909788,
    0.16167744687469354,
    0.1479684896124848,
    0.11687619685484417,
    0.1304653720159469,
    0.09323507634087883,
    0.09476514657606082,
    0.11781636578962207,
    0.10920355979610107,
    0.08939928323801222,
    0.09180821298525252,
    0.0669683673065798,
    0.09261790448839873,
    0.07828081155131603,
    0.09697013581974497,
    0.07068113822104602,
    0.0806415361866098,
    0.11392207376273542,
    0.07448724105528652,
    0.09073742422885422,
    0.06974754917333986,
    0.07171415806756001,
    0.08256319717600427
  ],
  "val_acc": [
    50.758620689655174,
    59.275862068965516,
    59.62068965517241,
    59.96551724137931,
    60.827586206896555,
    60.724137931034484,
    61.172413793103445,
    61.37931034482759,
    60.724137931034484,
    61.0,
    61.41379310344828,
    61.13793103448276,
    61.89655172413793,
    61.51724137931034,
    61.55172413793103,
    61.241379310344826,
    61.51724137931034,
    61.689655172413794,
    60.96551724137931,
    61.62068965517241,
    61.3448275862069,
    61.6551724137931,
    61.86206896551724,
    61.51724137931034
  ]
}