{
  "train_loss": [
    0.8192741720135822,
    0.2884228143754394,
    0.20117449067359747,
    0.174633159757007,
    0.1335275712921176,
    0.12991493342574253,
    0.09601057762669962,
    0.10449735696839038,
    0.09982539634057862,
    0.09359130270367619,
    0.08613405010099848,
    0.08870659595312075,
    0.0796808259464194,
    0.0831759482795416,
    0.05866694415318455,
    0.05824750493995325,
    0.06235763511883073,
    0.044299215595454494,
    0.062154266135875394,
    0.0898905732333227,
    0.07242035380223506,
    0.0633026457169678,
    0.06079529233136063,
    0.050364703040158505,
    0.06015859752335737,
    0.06503371134005097,
    0.052055348380235955,
    0.042459047532797424,
    0.049264657026533105
  ],
  "train_acc": [
    46.25581395348837,
    58.0,
    59.58139534883721,
    60.06976744186046,
    60.872093023255815,
    60.86046511627907,
    61.68604651162791,
    61.58139534883721,
    61.55813953488372,
    61.80232558139535,
    61.96511627906977,
    61.872093023255815,
    61.96511627906977,
    61.93023255813954,
    62.33720930232558,
    62.44186046511628,
    62.46511627906977,
    62.674418604651166,
    62.46511627906977,
    62.0,
    62.2093023255814,
    62.27906976744186,
    62.406976744186046,
    62.58139534883721,
    62.348837209302324,
    62.41860465116279,
    62.77906976744186,
    62.69767441860465,
    62.593023255813954
  ],
  "val_loss": [
    0.3812213663397164,
    0.23512650332574186,
    0.18592901245273394,
    0.12333079703666013,
    0.12425247733962946,
    0.10088255025189498,
    0.10585786366899466,
    0.10661749419724119,
    0.09890164569791021,
    0.10037014601302557,
    0.12259586566481097,
    0.10314261396254959,
    0.09272162810546057,
    0.08020775275433371,
    0.10320804136451976,
    0.10308151617485645,
    0.09492125132538635,
    0.05072478192119763,
    0.13892459618088243,
    0.08091309919134425,
    0.09499966993863726,
    0.11884348288756506,
    0.08599410636414742,
    0.08169177794379406,
    0.05739154626519002,
    0.0861551554990001,
    0.0625597203967306,
    0.08915036936001532,
    0.09077388405848037
  ],
  "val_acc": [
    55.793103448275865,
    57.44827586206897,
    59.275862068965516,
    60.724137931034484,
    60.03448275862069,
    61.03448275862069,
    60.827586206896555,
    60.758620689655174,
    61.06896551724138,
    60.93103448275862,
    60.241379310344826,
    61.0,
    61.206896551724135,
    61.48275862068966,
    61.10344827586207,
    60.827586206896555,
    61.10344827586207,
    61.96551724137931,
    60.724137931034484,
    61.275862068965516,
    61.0,
    61.06896551724138,
    61.275862068965516,
    61.37931034482759,
    62.03448275862069,
    61.51724137931034,
    61.827586206896555,
    61.51724137931034,
    61.48275862068966
  ]
}