{
  "train_loss": [
    0.9388916125131208,
    0.3228332426312358,
    0.20473526149641635,
    0.14211688459266064,
    0.12387875792418801,
    0.1019636417500848,
    0.09008946896768934,
    0.09084692763078005,
    0.07937606903832665,
    0.0727186206711976,
    0.07409364357861409,
    0.07905751330301512,
    0.06564825148928131,
    0.05433091849662623,
    0.05984074647300119,
    0.052373300290255005,
    0.0527830412827952,
    0.04760253031705614,
    0.05045665380867133,
    0.04422241279809346,
    0.05735397811838274,
    0.03545581727751617,
    0.04397216101981115,
    0.03485900198710476,
    0.05298671586070816,
    0.03998622851348807,
    0.03348916975597223
  ],
  "train_acc": [
    43.53488372093023,
    57.16279069767442,
    59.348837209302324,
    60.651162790697676,
    61.104651162790695,
    61.56976744186046,
    61.895348837209305,
    61.74418604651163,
    61.91860465116279,
    62.25581395348837,
    62.16279069767442,
    61.97674418604651,
    62.395348837209305,
    62.56976744186046,
    62.30232558139535,
    62.5,
    62.52325581395349,
    62.616279069767444,
    62.56976744186046,
    62.72093023255814,
    62.44186046511628,
    62.95348837209303,
    62.68604651162791,
    62.7906976744186,
    62.56976744186046,
    62.77906976744186,
    62.96511627906977
  ],
  "val_loss": [
    0.631556159463422,
    0.2815767714175685,
    0.16858737787296033,
    0.14717659078024584,
    0.1352032600291844,
    0.09477647059950335,
    0.0995263113030072,
    0.09201592746479757,
    0.11081412723609085,
    0.0972648829478642,
    0.0854807860410676,
    0.10029332153499126,
    0.07112637894420788,
    0.0886744013505763,
    0.08208534335075267,
    0.05679973523164618,
    0.07889801267823525,
    0.07388339483917787,
    0.08048495210321813,
    0.06747026242925946,
    0.06894543966085746,
    0.07527646622299378,
    0.06699228400749893,
    0.07407454392423146,
    0.07979118001872096,
    0.079902114378738,
    0.06729398120459619
  ],
  "val_acc": [
    50.48275862068966,
    57.55172413793103,
    59.6551724137931,
    59.758620689655174,
    60.44827586206897,
    61.172413793103445,
    60.89655172413793,
    61.206896551724135,
    60.51724137931034,
    60.758620689655174,
    61.48275862068966,
    60.86206896551724,
    61.48275862068966,
    61.206896551724135,
    61.48275862068966,
    61.96551724137931,
    61.172413793103445,
    61.41379310344828,
    61.13793103448276,
    61.724137931034484,
    61.793103448275865,
    61.55172413793103,
    61.724137931034484,
    61.48275862068966,
    61.37931034482759,
    61.3448275862069,
    61.827586206896555
  ]
}