{
  "train_loss": [
    0.20018640796280868,
    0.06979342413400115,
    0.05633291436594267,
    0.04727352648714342,
    0.04328242146536096,
    0.04171451638909606,
    0.03689102568545299,
    0.03639355946767286,
    0.029327960037893386,
    0.03431027248341872,
    0.029108793126273336,
    0.028093448222927527,
    0.028992232332525833,
    0.02591991152081102,
    0.025082416023880425,
    0.02477016425942483,
    0.024000412726442214,
    0.02112799819275324,
    0.02326561135135886,
    0.021755346878587097,
    0.022565345968535603,
    0.020022360544804097,
    0.01868182948085074,
    0.020274848181372818,
    0.019314647264682672,
    0.01861545464359696,
    0.018300888337940725,
    0.01997134174046974,
    0.01930196504492895,
    0.018037455503660607
  ],
  "train_acc": [
    59.76420454545455,
    62.58948863636363,
    62.76278409090909,
    62.9375,
    63.04971590909091,
    63.11079545454545,
    63.18465909090909,
    63.17897727272727,
    63.34375,
    63.26846590909091,
    63.30681818181818,
    63.34943181818182,
    63.31676136363637,
    63.40198863636363,
    63.421875,
    63.41477272727273,
    63.44886363636363,
    63.48011363636363,
    63.44744318181818,
    63.48579545454545,
    63.48579545454545,
    63.52272727272727,
    63.55539772727273,
    63.50852272727273,
    63.51846590909091,
    63.54403409090909,
    63.546875,
    63.52414772727273,
    63.51704545454545,
    63.54545454545455
  ],
  "val_loss": [
    0.07741733527881034,
    0.06167748831608828,
    0.04923134238280832,
    0.05317181039012057,
    0.049682166688936824,
    0.06306848033192627,
    0.05453832093229953,
    0.042966695461035806,
    0.045985341623321456,
    0.04681075998009777,
    0.03764729540481757,
    0.034963039564033176,
    0.03580032168142002,
    0.03349007590416264,
    0.03846542723306599,
    0.045374440082765005,
    0.035992374950605,
    0.03332061415452738,
    0.04541653335352052,
    0.04155591278723342,
    0.034467681612883834,
    0.047059038407763744,
    0.03556637951508666,
    0.032209174268373705,
    0.04170693381642428,
    0.03677902755784515,
    0.04335179835966785,
    0.04593951472693043,
    0.0396539446207982,
    0.048889715621574376
  ],
  "val_acc": [
    62.33617021276596,
    62.65531914893617,
    62.85957446808511,
    62.84255319148936,
    62.9531914893617,
    62.63404255319149,
    62.817021276595746,
    63.0,
    63.0,
    62.93191489361702,
    63.182978723404254,
    63.148936170212764,
    63.14042553191489,
    63.217021276595744,
    63.14042553191489,
    63.04255319148936,
    63.204255319148935,
    63.255319148936174,
    62.97021276595745,
    63.11489361702127,
    63.17872340425532,
    62.99148936170213,
    63.234042553191486,
    63.182978723404254,
    63.10212765957447,
    63.17446808510638,
    63.16595744680851,
    63.0468085106383,
    63.1531914893617,
    63.17872340425532
  ]
}