{
  "train_loss": [
    0.19874990039534168,
    0.07024082222844961,
    0.05526446836339263,
    0.04653695689536231,
    0.042510780677523806,
    0.04099522840947016,
    0.03965741579970034,
    0.03446825162665267,
    0.03446647099547239,
    0.03110973452263269,
    0.03134818925540954,
    0.028580461218873345,
    0.027843621991079006,
    0.02638807204541329,
    0.02743961374270043,
    0.024103882586948865,
    0.024456537563521993,
    0.02378938116335534,
    0.02308748393788433
  ],
  "train_acc": [
    59.82244318181818,
    62.55681818181818,
    62.79829545454545,
    62.97585227272727,
    63.07528409090909,
    63.125,
    63.19602272727273,
    63.23863636363637,
    63.24289772727273,
    63.33664772727273,
    63.27272727272727,
    63.37357954545455,
    63.37073863636363,
    63.39204545454545,
    63.33806818181818,
    63.4375,
    63.42471590909091,
    63.42897727272727,
    63.43465909090909
  ],
  "val_loss": [
    0.08757515275811262,
    0.07331827912043701,
    0.056873785785617345,
    0.0567947277630818,
    0.04432337045114725,
    0.04768345292058199,
    0.03821748264376668,
    0.04406695840669737,
    0.04318840271865137,
    0.037826273653983195,
    0.03732977029619778,
    0.0392882330557381,
    0.033049654697397464,
    0.0441097483586302,
    0.035739028076591725,
    0.038982873485656454,
    0.03796268256153277,
    0.03437459013629779,
    0.041273214020196625
  ],
  "val_acc": [
    62.11063829787234,
    62.33617021276596,
    62.731914893617024,
    62.851063829787236,
    62.97021276595745,
    62.88936170212766,
    63.05531914893617,
    62.94893617021277,
    63.01702127659574,
    63.08085106382979,
    63.11063829787234,
    63.161702127659574,
    63.30212765957447,
    63.06382978723404,
    63.217021276595744,
    63.11489361702127,
    63.10212765957447,
    63.234042553191486,
    63.05106382978723
  ]
}