{
  "train_loss": [
    0.7925931355634401,
    0.288139620665894,
    0.2028204799564772,
    0.18476199488653694,
    0.12665036607663646,
    0.1321397847820853,
    0.11020944576147337,
    0.09885466606681083,
    0.08745060419815398,
    0.08141655311378282,
    0.07434541526044784,
    0.107102008812606,
    0.0781768199251315,
    0.08652154876049174,
    0.07646369180360506,
    0.060803308758104954,
    0.06477814479893464,
    0.06911706698782266,
    0.05721684154339655,
    0.07144006598892427,
    0.061318642168771476,
    0.05577092301262932,
    0.04771164108777072,
    0.05166657664068585,
    0.05493341844940428,
    0.06099638512336411,
    0.05530413441890634
  ],
  "train_acc": [
    46.72093023255814,
    57.651162790697676,
    59.27906976744186,
    60.03488372093023,
    61.174418604651166,
    60.95348837209303,
    61.395348837209305,
    61.73255813953488,
    61.906976744186046,
    62.03488372093023,
    62.116279069767444,
    61.627906976744185,
    62.03488372093023,
    61.872093023255815,
    61.98837209302326,
    62.47674418604651,
    62.43023255813954,
    62.19767441860465,
    62.51162790697674,
    62.22093023255814,
    62.46511627906977,
    62.52325581395349,
    62.72093023255814,
    62.66279069767442,
    62.5,
    62.48837209302326,
    62.51162790697674
  ],
  "val_loss": [
    0.33019292534425343,
    0.2501733783504059,
    0.17238140787030087,
    0.20885609835386276,
    0.13702061027288437,
    0.175189560215021,
    0.15162909133680935,
    0.150521168999117,
    0.1273510387360022,
    0.10542560413736722,
    0.10023119766265154,
    0.14631464158923463,
    0.10003591234121344,
    0.09726133579709406,
    0.11376722776812725,
    0.06025475305344524,
    0.11349834581226881,
    0.09676423100433473,
    0.10218795182600875,
    0.08820808542779936,
    0.07086058073388092,
    0.10273602242774234,
    0.11500698781034363,
    0.1061279961261256,
    0.13038615857708621,
    0.12493009419694286,
    0.14263838378648305
  ],
  "val_acc": [
    56.03448275862069,
    58.310344827586206,
    59.62068965517241,
    59.03448275862069,
    60.41379310344828,
    59.86206896551724,
    60.3448275862069,
    60.06896551724138,
    60.62068965517241,
    61.37931034482759,
    61.13793103448276,
    60.206896551724135,
    61.13793103448276,
    61.172413793103445,
    60.724137931034484,
    61.44827586206897,
    61.310344827586206,
    61.241379310344826,
    61.03448275862069,
    61.55172413793103,
    61.275862068965516,
    61.48275862068966,
    61.37931034482759,
    60.93103448275862,
    61.10344827586207,
    60.6551724137931,
    60.96551724137931
  ]
}